{
  "prompt_index": 49,
  "id": "008614-0134",
  "prompt": "a checoslovaquian wolfdog, black and white painting",
  "reward_name": "ImageReward",
  "num_particles": 8,
  "completed_loops": 3,
  "early_stopped": false,
  "early_stop_reason": null,
  "best_mean_reward": 1.487907886505127,
  "best_reward": 1.664062261581421,
  "mean_reward": 1.487907886505127,
  "std_reward": 0.12884876132011414,
  "max_reward": 1.664062261581421,
  "min_reward": 1.2236145734786987,
  "time_seconds": 74.547885,
  "thresholds": [
    1.390565186738968,
    1.4186862222850323,
    1.5051260255277157
  ],
  "loop_stats": [
    {
      "mean": 1.3556288480758667,
      "std": 0.26143962144851685,
      "max": 1.664062261581421,
      "min": 0.8784539699554443,
      "loop": 1,
      "num_particles": 8
    },
    {
      "mean": 1.370828628540039,
      "std": 0.3581334352493286,
      "max": 1.664062261581421,
      "min": 0.46415403485298157,
      "loop": 2,
      "num_particles": 8
    },
    {
      "mean": 1.487907886505127,
      "std": 0.12884876132011414,
      "max": 1.664062261581421,
      "min": 1.2236145734786987,
      "loop": 3,
      "num_particles": 8
    }
  ]
}