{
  "prompt_index": 23,
  "id": "007214-0194",
  "prompt": "beautiful prince, male, golden hair, high, fantasy, art by anato finnstark, joseph leyendecker, peter mohrbacher, ruan jia, marc simonetti, ayami kojima, cedric peyravernay, finnian macmanus, alphonse mucha, victo ngai",
  "reward_name": "ImageReward",
  "num_particles": 8,
  "completed_loops": 3,
  "early_stopped": false,
  "early_stop_reason": null,
  "best_mean_reward": 1.771418571472168,
  "best_reward": 1.9198538064956665,
  "mean_reward": 1.771418571472168,
  "std_reward": 0.13072417676448822,
  "max_reward": 1.9198538064956665,
  "min_reward": 1.4753636121749878,
  "time_seconds": 69.715052,
  "thresholds": [
    1.6371744312345982,
    1.715734165161848,
    1.7888873256742954
  ],
  "loop_stats": [
    {
      "mean": 1.5990946292877197,
      "std": 0.28496313095092773,
      "max": 1.9198538064956665,
      "min": 1.026344656944275,
      "loop": 1,
      "num_particles": 8
    },
    {
      "mean": 1.6770097017288208,
      "std": 0.2897873520851135,
      "max": 1.9198538064956665,
      "min": 0.9941972494125366,
      "loop": 2,
      "num_particles": 8
    },
    {
      "mean": 1.771418571472168,
      "std": 0.13072417676448822,
      "max": 1.9198538064956665,
      "min": 1.4753636121749878,
      "loop": 3,
      "num_particles": 8
    }
  ]
}