{
  "prompt_index": 86,
  "id": "000304-0153",
  "prompt": "chicken",
  "reward_name": "ImageReward",
  "num_particles": 8,
  "completed_loops": 3,
  "early_stopped": false,
  "early_stop_reason": null,
  "best_mean_reward": 0.3720591068267822,
  "best_reward": 1.1577799320220947,
  "mean_reward": 0.25842317938804626,
  "std_reward": 0.5332378149032593,
  "max_reward": 1.1577799320220947,
  "min_reward": -0.6116254329681396,
  "time_seconds": 90.055846,
  "thresholds": [
    0.3312177173793316,
    0.42838145419955254,
    0.4433160126209259
  ],
  "loop_stats": [
    {
      "mean": 0.271322637796402,
      "std": 0.44821372628211975,
      "max": 1.1577799320220947,
      "min": -0.3155171573162079,
      "loop": 1,
      "num_particles": 8
    },
    {
      "mean": 0.3720591068267822,
      "std": 0.4214778542518616,
      "max": 1.1577799320220947,
      "min": -0.2502703368663788,
      "loop": 2,
      "num_particles": 8
    },
    {
      "mean": 0.25842317938804626,
      "std": 0.5332378149032593,
      "max": 1.1577799320220947,
      "min": -0.6116254329681396,
      "loop": 3,
      "num_particles": 8
    }
  ]
}