{
  "prompt_index": 99,
  "id": "000562-0011",
  "prompt": "a coffee mug made of cardboard",
  "reward_name": "ImageReward",
  "num_particles": 8,
  "completed_loops": 3,
  "early_stopped": false,
  "early_stop_reason": null,
  "best_mean_reward": 1.6821258068084717,
  "best_reward": 1.7517683506011963,
  "mean_reward": 1.6821258068084717,
  "std_reward": 0.0892815887928009,
  "max_reward": 1.7517683506011963,
  "min_reward": 1.456590175628662,
  "time_seconds": 69.542011,
  "thresholds": [
    1.4422170892357826,
    1.4663658663630486,
    1.694056561216712
  ],
  "loop_stats": [
    {
      "mean": 1.3741440773010254,
      "std": 0.5094117522239685,
      "max": 1.7517683506011963,
      "min": 0.47370287775993347,
      "loop": 1,
      "num_particles": 8
    },
    {
      "mean": 1.3922691345214844,
      "std": 0.5544891953468323,
      "max": 1.7517683506011963,
      "min": 0.04883908852934837,
      "loop": 2,
      "num_particles": 8
    },
    {
      "mean": 1.6821258068084717,
      "std": 0.0892815887928009,
      "max": 1.7517683506011963,
      "min": 1.456590175628662,
      "loop": 3,
      "num_particles": 8
    }
  ]
}