{
  "prompt_index": 55,
  "id": "009662-0003",
  "prompt": "minimalist watercolor art of paris, illustration, vector",
  "reward_name": "ImageReward",
  "num_particles": 8,
  "completed_loops": 3,
  "early_stopped": false,
  "early_stop_reason": null,
  "best_mean_reward": 0.6107212901115417,
  "best_reward": 0.9040505290031433,
  "mean_reward": 0.6107212901115417,
  "std_reward": 0.229129821062088,
  "max_reward": 0.9040505290031433,
  "min_reward": 0.0723443403840065,
  "time_seconds": 64.654101,
  "thresholds": [
    0.3774542137980461,
    0.47159338742494583,
    0.6413400508463383
  ],
  "loop_stats": [
    {
      "mean": 0.288827121257782,
      "std": 0.663224458694458,
      "max": 0.7624503970146179,
      "min": -1.3701965808868408,
      "loop": 1,
      "num_particles": 8
    },
    {
      "mean": 0.4018680155277252,
      "std": 0.5217769145965576,
      "max": 0.7624503970146179,
      "min": -0.9162359237670898,
      "loop": 2,
      "num_particles": 8
    },
    {
      "mean": 0.6107212901115417,
      "std": 0.229129821062088,
      "max": 0.9040505290031433,
      "min": 0.0723443403840065,
      "loop": 3,
      "num_particles": 8
    }
  ]
}