{
  "prompt_index": 81,
  "id": "008707-0095",
  "prompt": "aerial photography forest",
  "reward_name": "ImageReward",
  "num_particles": 8,
  "completed_loops": 3,
  "early_stopped": false,
  "early_stop_reason": null,
  "best_mean_reward": 0.9761233329772949,
  "best_reward": 1.0328664779663086,
  "mean_reward": 0.9761233329772949,
  "std_reward": 0.04448825865983963,
  "max_reward": 1.0328664779663086,
  "min_reward": 0.8963701128959656,
  "time_seconds": 79.741542,
  "thresholds": [
    0.8153178598731756,
    0.9065764844417572,
    0.9820683267898858
  ],
  "loop_stats": [
    {
      "mean": 0.7864242196083069,
      "std": 0.2162202000617981,
      "max": 1.0328664779663086,
      "min": 0.38756120204925537,
      "loop": 1,
      "num_particles": 8
    },
    {
      "mean": 0.8920843601226807,
      "std": 0.10844913125038147,
      "max": 1.0328664779663086,
      "min": 0.7189316749572754,
      "loop": 2,
      "num_particles": 8
    },
    {
      "mean": 0.9761233329772949,
      "std": 0.04448825865983963,
      "max": 1.0328664779663086,
      "min": 0.8963701128959656,
      "loop": 3,
      "num_particles": 8
    }
  ]
}