{
  "prompt_index": 8,
  "id": "005912-0052",
  "prompt": "medieval old king, character, hearthstone, fantasy, elegant, highly, illustration, art by artgerm and greg rutkowski and alphonse mucha",
  "reward_name": "ImageReward",
  "num_particles": 8,
  "completed_loops": 3,
  "early_stopped": false,
  "early_stop_reason": null,
  "best_mean_reward": 1.4558653831481934,
  "best_reward": 1.8002568483352661,
  "mean_reward": 1.4558653831481934,
  "std_reward": 0.1681862324476242,
  "max_reward": 1.8002568483352661,
  "min_reward": 1.209139347076416,
  "time_seconds": 84.841137,
  "thresholds": [
    1.4253788758069277,
    1.4717907309532166,
    1.4783402141183615
  ],
  "loop_stats": [
    {
      "mean": 1.3946714401245117,
      "std": 0.22979341447353363,
      "max": 1.8002568483352661,
      "min": 1.0531456470489502,
      "loop": 1,
      "num_particles": 8
    },
    {
      "mean": 1.448578119277954,
      "std": 0.1737072765827179,
      "max": 1.8002568483352661,
      "min": 1.176487684249878,
      "loop": 2,
      "num_particles": 8
    },
    {
      "mean": 1.4558653831481934,
      "std": 0.1681862324476242,
      "max": 1.8002568483352661,
      "min": 1.209139347076416,
      "loop": 3,
      "num_particles": 8
    }
  ]
}