{
  "prompt_index": 76,
  "id": "002298-0089",
  "prompt": "trending on artstation",
  "reward_name": "ImageReward",
  "num_particles": 8,
  "completed_loops": 3,
  "early_stopped": false,
  "early_stop_reason": null,
  "best_mean_reward": 0.12821762263774872,
  "best_reward": 1.134901762008667,
  "mean_reward": 0.12821762263774872,
  "std_reward": 0.7695304751396179,
  "max_reward": 1.134901762008667,
  "min_reward": -1.3828403949737549,
  "time_seconds": 84.926099,
  "thresholds": [
    0.10368973761796951,
    0.124468594789505,
    0.23105045408010483
  ],
  "loop_stats": [
    {
      "mean": -0.3306955397129059,
      "std": 0.7759429216384888,
      "max": 0.924735963344574,
      "min": -1.1511766910552979,
      "loop": 1,
      "num_particles": 8
    },
    {
      "mean": -0.0652245283126831,
      "std": 0.9314376711845398,
      "max": 1.134901762008667,
      "min": -1.5397894382476807,
      "loop": 2,
      "num_particles": 8
    },
    {
      "mean": 0.12821762263774872,
      "std": 0.7695304751396179,
      "max": 1.134901762008667,
      "min": -1.3828403949737549,
      "loop": 3,
      "num_particles": 8
    }
  ]
}