{
  "prompt_index": 87,
  "id": "005456-0082",
  "prompt": "packs of bubblegum from the fifties",
  "reward_name": "ImageReward",
  "num_particles": 8,
  "completed_loops": 3,
  "early_stopped": false,
  "early_stop_reason": null,
  "best_mean_reward": 0.9237498641014099,
  "best_reward": 1.394963264465332,
  "mean_reward": 0.9148731231689453,
  "std_reward": 0.5765451788902283,
  "max_reward": 1.394963264465332,
  "min_reward": -0.3936527371406555,
  "time_seconds": 74.588038,
  "thresholds": [
    0.9705073200166225,
    0.9852563627064228,
    1.00079395622015
  ],
  "loop_stats": [
    {
      "mean": 0.9237498641014099,
      "std": 0.3499007821083069,
      "max": 1.394963264465332,
      "min": 0.35172098875045776,
      "loop": 1,
      "num_particles": 8
    },
    {
      "mean": 0.8880057334899902,
      "std": 0.46027249097824097,
      "max": 1.394963264465332,
      "min": 0.12505964934825897,
      "loop": 2,
      "num_particles": 8
    },
    {
      "mean": 0.9148731231689453,
      "std": 0.5765451788902283,
      "max": 1.394963264465332,
      "min": -0.3936527371406555,
      "loop": 3,
      "num_particles": 8
    }
  ]
}